Date,FII Buy,FII Sell,FII Net,DII Buy,DII Sell,DII Net,Source,Status
2024-01-25,43302.19,38232.31,5069.88,12353.83,8878.94,3474.89,Master 2006-2026,provisional
2024-01-29,22001.2,26265.6,-4264.4,14592.44,11371.1,3221.34,Master 2006-2026,provisional
2024-01-30,14446.61,16261.26,-1814.65,12666.88,11664.18,1002.7,Master 2006-2026,provisional
2024-01-31,25952.76,24212.61,1740.15,15596.89,13053.96,2542.93,Master 2006-2026,provisional
2024-02-01,19033.66,18721.02,312.64,12991.07,12118.58,872.49,Master 2006-2026,provisional
2024-02-02,15613.8,15385.32,228.48,14097.58,11634.42,2463.16,Master 2006-2026,provisional
2024-02-05,14560.84,13797.96,762.88,11869.08,13057.76,-1188.68,Master 2006-2026,provisional
2024-02-06,16366.95,16839.72,-472.77,13822.11,12725.85,1096.26,Master 2006-2026,provisional
2024-02-07,14727.26,16328.58,-1601.32,12012.32,11684.59,327.73,Master 2006-2026,provisional
2024-02-08,16241.59,20286.43,-4044.84,17291.78,11779.46,5512.32,Master 2006-2026,provisional
2024-02-09,14047.13,13716.81,330.32,12090.82,12512.69,-421.87,Master 2006-2026,provisional
2024-02-12,9178.87,8958.5,220.37,11183.9,9472.15,1711.75,Master 2006-2026,provisional
2024-02-13,13133.76,12900.15,233.61,9167.73,8893.79,273.94,Master 2006-2026,provisional
2024-02-14,12399.02,15027.28,-2628.26,12110.28,9212.3,2897.98,Master 2006-2026,provisional
2024-02-15,15021.09,13878.04,1143.05,11891.94,9615.01,2276.93,Master 2006-2026,provisional
2024-02-16,23871.05,23698.37,172.68,12165.87,10594.87,1571.0,Master 2006-2026,provisional
2024-02-19,,,0.0,8081.14,7628.44,452.7,Master 2006-2026,provisional
2024-02-20,15007.68,12034.18,2973.5,10665.07,9173.74,1491.33,Master 2006-2026,provisional
2024-02-21,17007.34,16613.63,393.71,10151.65,10563.22,-411.57,Master 2006-2026,provisional
2024-02-22,14613.14,14801.18,-188.04,10473.09,8649.41,1823.68,Master 2006-2026,provisional
2024-02-23,15622.39,14070.54,1551.85,8556.28,8379.6,176.68,Master 2006-2026,provisional
2024-02-26,12511.65,12768.01,-256.36,8526.82,8532.15,-5.33,Master 2006-2026,provisional
2024-02-27,18357.35,16301.38,2055.97,11803.41,8941.85,2861.56,Master 2006-2026,provisional
2024-02-28,11385.4,12774.14,-1388.74,10124.97,8297.52,1827.45,Master 2006-2026,provisional
2024-02-29,57371.12,53169.81,4201.31,11405.24,11635.45,-230.21,Master 2006-2026,provisional
2024-03-01,18241.9,16070.76,2171.14,11987.98,8173.45,3814.53,Master 2006-2026,provisional
2024-03-02,,,0.0,189.36,234.07,-44.71,Master 2006-2026,provisional
2024-03-04,13898.82,13910.85,-12.03,11963.11,8420.24,3542.87,Master 2006-2026,provisional
2024-03-05,14304.65,14526.0,-221.35,11888.65,10054.04,1834.61,Master 2006-2026,provisional
2024-03-06,19941.96,14257.59,5684.37,13638.83,11488.95,2149.88,Master 2006-2026,provisional
2024-03-07,26287.64,15699.03,10588.61,11886.95,9285.14,2601.81,Master 2006-2026,provisional
2024-03-11,23302.51,19357.0,3945.51,10787.26,7548.87,3238.39,Master 2006-2026,provisional
2024-03-12,15245.93,15361.53,-115.6,10478.38,8120.2,2358.18,Master 2006-2026,provisional
2024-03-13,34926.57,20344.22,14582.35,20267.9,11174.18,9093.72,Master 2006-2026,provisional
2024-03-14,21036.75,21150.99,-114.24,10729.35,10589.88,139.47,Master 2006-2026,provisional
2024-03-15,50330.25,49557.16,773.09,15254.61,15936.87,-682.26,Master 2006-2026,provisional
2024-03-18,11281.72,12448.39,-1166.67,10135.01,7874.13,2260.88,Master 2006-2026,provisional
2024-03-19,17223.87,15872.8,1351.07,16886.74,9437.26,7449.48,Master 2006-2026,provisional
2024-03-20,11257.59,13500.35,-2242.76,11532.02,8864.5,2667.52,Master 2006-2026,provisional
2024-03-21,14475.77,15802.73,-1326.96,12950.48,9741.61,3208.87,Master 2006-2026,provisional
2024-03-22,16805.4,20676.83,-3871.43,12729.17,8964.3,3764.87,Master 2006-2026,provisional
2024-03-26,20870.39,24040.98,-3170.59,14130.31,9105.95,5024.36,Master 2006-2026,provisional
2024-03-27,19964.98,15922.48,4042.5,26386.81,25189.2,1197.61,Master 2006-2026,provisional
2024-03-28,39847.77,37492.54,2355.23,12428.24,9736.72,2691.52,Master 2006-2026,provisional
2024-04-01,,,0.0,10193.47,8985.05,1208.42,Master 2006-2026,provisional
2024-04-02,14907.75,15355.04,-447.29,12163.4,10210.68,1952.72,Master 2006-2026,provisional
2024-04-03,14852.46,16107.38,-1254.92,13037.25,11934.84,1102.41,Master 2006-2026,provisional
2024-04-04,14011.85,14989.51,-977.66,12218.87,13111.98,-893.11,Master 2006-2026,provisional
2024-04-05,13097.09,11182.0,1915.09,9462.33,12832.75,-3370.42,Master 2006-2026,provisional
2024-04-08,31363.61,22837.05,8526.56,12727.46,9256.92,3470.54,Master 2006-2026,provisional
2024-04-09,,,0.0,11130.49,8873.31,2257.18,Master 2006-2026,provisional
2024-04-10,13829.69,10599.31,3230.38,12342.51,12179.15,163.36,Master 2006-2026,provisional
2024-04-12,15334.67,23274.44,-7939.77,17220.28,10878.75,6341.53,Master 2006-2026,provisional
2024-04-15,10735.3,13968.78,-3233.48,13578.59,8815.66,4762.93,Master 2006-2026,provisional
2024-04-16,10993.53,14258.26,-3264.73,13537.42,11497.04,2040.38,Master 2006-2026,provisional
2024-04-18,18545.07,22708.22,-4163.15,14273.71,11988.19,2285.52,Master 2006-2026,provisional
2024-04-19,16861.29,16088.52,772.77,9396.68,9449.18,-52.5,Master 2006-2026,provisional
2024-04-22,13322.3,15941.3,-2619.0,11855.59,8312.66,3542.93,Master 2006-2026,provisional
2024-04-23,15040.45,18498.57,-3458.12,12337.81,9418.87,2918.94,Master 2006-2026,provisional
2024-04-24,17197.5,12970.31,4227.19,12601.22,8791.32,3809.9,Master 2006-2026,provisional
2024-04-25,24313.74,24286.8,26.94,19088.02,12920.46,6167.56,Master 2006-2026,provisional
2024-04-26,15225.18,17598.02,-2372.84,14475.58,10118.75,4356.83,Master 2006-2026,provisional
2024-04-29,13838.91,13833.38,5.53,11746.82,11054.77,692.05,Master 2006-2026,provisional
2024-04-30,21768.1,19917.08,1851.02,14438.64,13009.53,1429.11,Master 2006-2026,provisional
2024-05-02,17121.48,17816.48,-695.0,15122.33,13769.89,1352.44,Master 2006-2026,provisional
2024-05-03,17677.66,19815.71,-2138.05,13865.92,13175.4,690.52,Master 2006-2026,provisional
2024-05-06,13576.97,14727.95,-1150.98,13791.15,13009.76,781.39,Master 2006-2026,provisional
2024-05-07,14222.3,17165.28,-2942.98,13202.8,10898.3,2304.5,Master 2006-2026,provisional
2024-05-08,13068.22,18405.02,-5336.8,15333.26,9404.45,5928.81,Master 2006-2026,provisional
2024-05-09,11524.71,18194.63,-6669.92,16351.32,10708.79,5642.53,Master 2006-2026,provisional
2024-05-10,12192.16,13484.31,-1292.15,10677.79,7967.98,2709.81,Master 2006-2026,provisional
2024-05-13,10423.23,14815.76,-4392.53,12655.75,9093.0,3562.75,Master 2006-2026,provisional
2024-05-14,11483.06,13996.13,-2513.07,11455.11,7927.25,3527.86,Master 2006-2026,provisional
2024-05-15,11621.73,13960.57,-2338.84,12915.36,9126.98,3788.38,Master 2006-2026,provisional
2024-05-16,16778.82,17401.15,-622.33,14907.72,12779.91,2127.81,Master 2006-2026,provisional
2024-05-17,16399.17,14218.46,2180.71,11656.6,10100.35,1556.25,Master 2006-2026,provisional
2024-05-18,,,0.0,149.06,301.93,-152.87,Master 2006-2026,provisional
2024-05-21,17870.48,19747.76,-1877.28,16104.49,12555.52,3548.97,Master 2006-2026,provisional
2024-05-22,37435.95,31544.24,5891.71,13486.33,12524.42,961.91,Master 2006-2026,provisional
2024-05-23,,,0.0,12439.4,12292.89,146.51,Master 2006-2026,provisional
2024-05-24,11235.38,12172.46,-937.08,13475.7,11155.38,2320.32,Master 2006-2026,provisional
2024-05-27,15033.19,14337.03,696.16,12902.57,11979.97,922.6,Master 2006-2026,provisional
2024-05-28,14771.36,12636.82,2134.54,13169.66,9937.99,3231.67,Master 2006-2026,provisional
2024-05-29,15489.5,19800.91,-4311.41,12954.15,7720.36,5233.79,Master 2006-2026,provisional
2024-05-30,21863.57,22985.62,-1122.05,13748.5,10315.58,3432.92,Master 2006-2026,provisional
2024-05-31,96154.75,93977.09,2177.66,21441.16,19326.99,2114.17,Master 2006-2026,provisional
2024-06-03,23537.43,16690.31,6847.12,22651.16,20737.18,1913.98,Master 2006-2026,provisional
2024-06-04,26735.75,38979.66,-12243.91,25963.84,29282.82,-3318.98,Master 2006-2026,provisional
2024-06-05,23244.29,28048.68,-4804.39,28615.23,24060.15,4555.08,Master 2006-2026,provisional
2024-06-06,14540.72,21311.43,-6770.71,17030.3,13311.92,3718.38,Master 2006-2026,provisional
2024-06-07,21034.55,15678.72,5355.83,15564.17,16853.92,-1289.75,Master 2006-2026,provisional
2024-06-10,13889.79,11021.92,2867.87,16933.99,14169.53,2764.46,Master 2006-2026,provisional
2024-06-11,15549.72,15492.7,57.02,14162.6,10969.31,3193.29,Master 2006-2026,provisional
2024-06-12,15752.26,15072.93,679.33,13651.65,13417.9,233.75,Master 2006-2026,provisional
2024-06-13,19670.65,16900.23,2770.42,12374.17,12928.05,-553.88,Master 2006-2026,provisional
2024-06-14,16495.6,13261.09,3234.51,11876.45,11220.69,655.76,Master 2006-2026,provisional
2024-06-18,18535.99,16959.64,1576.35,13955.22,12399.49,1555.73,Master 2006-2026,provisional
2024-06-19,24810.13,15634.59,9175.54,22548.24,15440.44,7107.8,Master 2006-2026,provisional
2024-06-20,16946.34,15698.7,1247.64,12564.28,12890.09,-325.81,Master 2006-2026,provisional
2024-06-21,46238.3,44440.64,1797.66,18603.77,17366.56,1237.21,Master 2006-2026,provisional
2024-06-24,14523.73,13663.31,860.42,11251.18,12071.65,-820.47,Master 2006-2026,provisional
2024-06-25,17843.16,15378.18,2464.98,13519.21,13668.66,-149.45,Master 2006-2026,provisional
2024-06-26,20022.2,18508.97,1513.23,18342.37,13238.7,5103.67,Master 2006-2026,provisional
2024-06-27,33717.95,25959.98,7757.97,26887.35,30493.28,-3605.93,Master 2006-2026,provisional
2024-06-28,22819.11,21265.74,1553.37,20973.4,14315.09,6658.31,Master 2006-2026,provisional
2024-07-01,13687.56,14181.64,-494.08,16210.07,12292.64,3917.43,Master 2006-2026,provisional
2024-07-02,14544.25,17051.34,-2507.09,14203.4,13555.15,648.25,Master 2006-2026,provisional
2024-07-03,16500.06,12601.55,3898.51,14121.15,15045.58,-924.43,Master 2006-2026,provisional
2024-07-04,16289.44,10777.9,5511.54,11303.32,13678.5,-2375.18,Master 2006-2026,provisional
2024-07-05,15188.31,12018.86,3169.45,12695.07,14346.43,-1651.36,Master 2006-2026,provisional
2024-07-08,13925.11,13763.44,161.67,14355.09,11488.3,2866.79,Master 2006-2026,provisional
2024-07-09,16247.96,14719.78,1528.18,13615.06,12198.6,1416.46,Master 2006-2026,provisional
2024-07-10,18049.91,15865.96,2183.95,15152.85,14070.45,1082.4,Master 2006-2026,provisional
2024-07-11,16631.52,16284.6,346.92,15835.3,14158.83,1676.47,Master 2006-2026,provisional
2024-07-12,20307.03,14939.27,5367.76,14490.17,16141.62,-1651.45,Master 2006-2026,provisional
2024-07-15,15686.34,12348.45,3337.89,15033.05,15364.05,-331.0,Master 2006-2026,provisional
2024-07-16,14975.01,13314.21,1660.8,14935.86,15465.34,-529.48,Master 2006-2026,provisional
2024-07-18,25437.8,20384.93,5052.87,15676.29,18580.54,-2904.25,Master 2006-2026,provisional
2024-07-19,16142.71,14318.64,1824.07,15051.42,15512.98,-461.56,Master 2006-2026,provisional
2024-07-22,21445.25,13098.52,8346.73,13552.91,15205.25,-1652.34,Master 2006-2026,provisional
2024-07-23,15526.59,17075.23,-1548.64,17799.44,16380.62,1418.82,Master 2006-2026,provisional
2024-07-24,17143.11,20651.33,-3508.22,17787.34,14650.04,3137.3,Master 2006-2026,provisional
2024-07-25,17720.77,19918.55,-2197.78,15760.02,13328.33,2431.69,Master 2006-2026,provisional
2024-07-26,20646.41,16377.15,4269.26,18856.44,16082.13,2774.31,Master 2006-2026,provisional
2024-07-29,17594.58,20320.94,-2726.36,18993.38,13327.84,5665.54,Master 2006-2026,provisional
2024-07-30,14863.06,17729.02,-2865.96,18718.94,13153.84,5565.1,Master 2006-2026,provisional
2024-07-31,21330.43,24184.19,-2853.76,16592.56,13226.05,3366.51,Master 2006-2026,provisional
2024-08-01,18751.2,16924.85,1826.35,13956.4,14293.43,-337.03,Master 2006-2026,provisional
2024-08-02,14844.73,18211.95,-3367.22,16579.92,13613.98,2965.94,Master 2006-2026,provisional
2024-08-05,19840.0,23532.07,-3692.07,23766.9,14611.35,9155.55,Master 2006-2026,provisional
2024-08-06,15375.16,18399.95,-3024.79,14422.78,11065.33,3357.45,Master 2006-2026,provisional
2024-08-07,14970.93,17812.58,-2841.65,16070.87,12269.66,3801.21,Master 2006-2026,provisional
2024-08-08,18414.4,17892.75,521.65,11738.64,11161.34,577.3,Master 2006-2026,provisional
2024-08-09,11072.63,12233.96,-1161.33,15190.99,11211.4,3979.59,Master 2006-2026,provisional
2024-08-12,16012.75,18823.83,-2811.08,13701.95,9224.22,4477.73,Master 2006-2026,provisional
2024-08-13,15153.74,16573.44,-1419.7,13005.78,11765.82,1239.96,Master 2006-2026,provisional
2024-08-14,15308.8,17686.42,-2377.62,12269.21,10033.0,2236.21,Master 2006-2026,provisional
2024-08-16,19297.76,18101.27,1196.49,12795.7,10189.52,2606.18,Master 2006-2026,provisional
2024-08-19,13171.02,14927.44,-1756.42,11138.17,9335.25,1802.92,Master 2006-2026,provisional
2024-08-20,18600.5,14565.54,4034.96,13182.77,10930.67,2252.1,Master 2006-2026,provisional
2024-08-21,17462.96,17893.66,-430.7,13299.53,10202.08,3097.45,Master 2006-2026,provisional
2024-08-22,19040.35,17188.22,1852.13,12239.7,9267.9,2971.8,Master 2006-2026,provisional
2024-08-23,17958.98,14076.93,3882.05,13341.03,10445.01,2896.02,Master 2006-2026,provisional
2024-08-26,13229.85,12260.44,969.41,13045.47,11175.25,1870.22,Master 2006-2026,provisional
2024-08-27,16864.93,12070.32,4794.61,12159.6,12763.68,-604.08,Master 2006-2026,provisional
2024-08-28,14905.02,15452.85,-547.83,12746.57,12307.22,439.35,Master 2006-2026,provisional
2024-08-29,31783.03,17256.39,14526.64,19919.09,17228.24,2690.85,Master 2006-2026,provisional
2024-08-30,86919.31,85415.35,1503.96,18357.37,21555.44,-3198.07,Master 2006-2026,provisional
2024-09-02,18158.61,12398.8,5759.81,12538.52,12182.15,356.37,Master 2006-2026,provisional
2024-09-03,21693.14,18657.35,3035.79,11867.28,9971.07,1896.21,Master 2006-2026,provisional
2024-09-04,17701.36,16115.43,1585.93,13583.92,13486.57,97.35,Master 2006-2026,provisional
2024-09-05,17879.58,18783.77,-904.19,14803.18,11832.44,2970.74,Master 2006-2026,provisional
2024-09-06,20265.47,18322.57,1942.9,15699.2,13577.67,2121.53,Master 2006-2026,provisional
2024-09-09,15086.81,13952.44,1134.37,12172.78,10415.76,1757.02,Master 2006-2026,provisional
2024-09-10,17619.47,14657.03,2962.44,12153.63,12429.0,-275.37,Master 2006-2026,provisional
2024-09-11,16685.03,13815.41,2869.62,11401.9,11171.0,230.9,Master 2006-2026,provisional
2024-09-12,23738.68,15766.98,7971.7,13690.6,15491.14,-1800.54,Master 2006-2026,provisional
2024-09-13,27035.31,23989.55,3045.76,11156.43,8624.25,2532.18,Master 2006-2026,provisional
2024-09-16,,,0.0,10025.07,9270.98,754.09,Master 2006-2026,provisional
2024-09-17,26057.36,23676.41,2380.95,10959.98,10085.83,874.15,Master 2006-2026,provisional
2024-09-18,,,0.0,11794.51,11642.2,152.31,Master 2006-2026,provisional
2024-09-19,18788.78,18378.25,410.53,16234.69,14221.83,2012.86,Master 2006-2026,provisional
2024-09-20,60832.45,45651.09,15181.36,16987.42,21414.5,-4427.08,Master 2006-2026,provisional
2024-09-23,13964.95,11933.23,2031.72,11666.36,10643.72,1022.64,Master 2006-2026,provisional
2024-09-24,22005.49,23459.58,-1454.09,15939.51,12071.2,3868.31,Master 2006-2026,provisional
2024-09-25,15768.75,16405.41,-636.66,12899.34,11120.35,1778.99,Master 2006-2026,provisional
2024-09-26,32482.77,23945.19,8537.58,15461.3,13056.18,2405.12,Master 2006-2026,provisional
2024-09-27,28827.61,28463.45,364.16,50042.69,43156.04,6886.65,Master 2006-2026,provisional
2024-09-30,20375.77,26802.61,-6426.84,17880.53,11234.73,6645.8,Master 2006-2026,provisional
2024-10-01,12922.56,18131.14,-5208.58,14435.2,9825.65,4609.55,Master 2006-2026,provisional
2024-10-03,17725.67,33232.42,-15506.75,25294.47,12380.51,12913.96,Master 2006-2026,provisional
2024-10-04,14961.82,24606.92,-9645.1,20286.53,11381.45,8905.08,Master 2006-2026,provisional
2024-10-07,14936.79,23063.49,-8126.7,23924.07,10678.95,13245.12,Master 2006-2026,provisional
2024-10-08,15789.06,21169.76,-5380.7,19494.71,12494.03,7000.68,Master 2006-2026,provisional
2024-10-09,12824.15,16503.41,-3679.26,14841.81,11333.2,3508.61,Master 2006-2026,provisional
2024-10-10,10097.93,14834.9,-4736.97,13301.19,9422.86,3878.33,Master 2006-2026,provisional
2024-10-11,6544.58,10575.98,-4031.4,11906.51,8175.64,3730.87,Master 2006-2026,provisional
2024-10-14,10109.27,13667.63,-3558.36,11597.52,9319.43,2278.09,Master 2006-2026,provisional
2024-10-15,16631.38,18165.21,-1533.83,13229.43,11574.47,1654.96,Master 2006-2026,provisional
2024-10-16,15988.91,18552.71,-2563.8,13432.45,11176.16,2256.29,Master 2006-2026,provisional
2024-10-17,10357.39,17660.38,-7302.99,16817.01,11837.18,4979.83,Master 2006-2026,provisional
2024-10-18,12969.0,18112.98,-5143.98,13850.16,8635.33,5214.83,Master 2006-2026,provisional
2024-10-21,25505.16,14795.57,10709.59,13741.13,10515.22,3225.91,Master 2006-2026,provisional
2024-10-22,16350.73,20178.06,-3827.33,16865.8,10996.74,5869.06,Master 2006-2026,provisional
2024-10-23,15648.06,20638.8,-4990.74,16433.67,10393.77,6039.9,Master 2006-2026,provisional
2024-10-24,12923.1,17759.65,-4836.55,13827.85,10207.38,3620.47,Master 2006-2026,provisional
2024-10-25,15578.36,18605.57,-3027.21,15203.44,11044.15,4159.29,Master 2006-2026,provisional
2024-10-28,14100.27,16209.47,-2109.2,12258.32,10857.47,1400.85,Master 2006-2026,provisional
2024-10-29,15839.43,16732.06,-892.63,12823.77,12093.64,730.13,Master 2006-2026,provisional
2024-10-30,17724.03,19921.65,-2197.62,13594.06,9075.78,4518.28,Master 2006-2026,provisional
2024-10-31,20898.21,25241.74,-4343.53,13000.2,9485.61,3514.59,Master 2006-2026,provisional
2024-11-01,,,0.0,50.09,427.42,-377.33,Master 2006-2026,provisional
2024-11-04,15218.33,19780.08,-4561.75,12449.82,9513.74,2936.08,Master 2006-2026,provisional
2024-11-05,12784.51,14523.8,-1739.29,12616.72,9585.76,3030.96,Master 2006-2026,provisional
2024-11-06,12918.69,16632.36,-3713.67,16061.64,11172.31,4889.33,Master 2006-2026,provisional
2024-11-07,11632.34,17267.79,-5635.45,11374.43,9587.73,1786.7,Master 2006-2026,provisional
2024-11-08,9828.37,13381.82,-3553.45,11246.96,9498.52,1748.44,Master 2006-2026,provisional
2024-11-11,11605.29,11969.64,-364.35,9848.87,7822.24,2026.63,Master 2006-2026,provisional
2024-11-12,18652.52,15809.21,2843.31,10330.28,8475.82,1854.46,Master 2006-2026,provisional
2024-11-13,16344.02,17696.15,-1352.13,14095.16,7949.92,6145.24,Master 2006-2026,provisional
2024-11-14,13809.15,15302.15,-1493.0,10200.35,7718.54,2481.81,Master 2006-2026,provisional
2024-11-18,14409.53,16437.74,-2028.21,11521.42,9190.86,2330.56,Master 2006-2026,provisional
2024-11-19,16282.06,18199.77,-1917.71,13657.81,10873.92,2783.89,Master 2006-2026,provisional
2024-11-21,22271.49,20945.56,1325.93,14555.77,10355.61,4200.16,Master 2006-2026,provisional
2024-11-22,17894.19,16821.22,1072.97,12251.72,10529.57,1722.15,Master 2006-2026,provisional
2024-11-25,85095.71,75479.92,9615.79,17624.75,24532.72,-6907.97,Master 2006-2026,provisional
2024-11-26,13851.83,10037.3,3814.53,8406.15,10317.01,-1910.86,Master 2006-2026,provisional
2024-11-27,11047.72,12096.61,-1048.89,10230.12,8928.15,1301.97,Master 2006-2026,provisional
2024-11-28,15570.63,24103.53,-8532.9,17685.35,8967.05,8718.3,Master 2006-2026,provisional
2024-11-29,18992.12,19982.44,-990.32,15201.68,9478.34,5723.34,Master 2006-2026,provisional
2024-12-02,16809.49,13015.94,3793.55,12456.43,8867.77,3588.66,Master 2006-2026,provisional
2024-12-03,26782.15,17484.62,9297.53,14553.16,14804.15,-250.99,Master 2006-2026,provisional
2024-12-04,20800.57,17936.99,2863.58,14082.28,14982.9,-900.62,Master 2006-2026,provisional
2024-12-05,25335.45,15846.16,9489.29,13395.84,15699.48,-2303.64,Master 2006-2026,provisional
2024-12-06,13439.41,14225.54,-786.13,11651.37,9992.31,1659.06,Master 2006-2026,provisional
2024-12-09,16889.82,16290.04,599.78,10429.71,12077.78,-1648.07,Master 2006-2026,provisional
2024-12-10,20920.38,19053.26,1867.12,11264.73,10658.94,605.79,Master 2006-2026,provisional
2024-12-11,12569.0,12374.25,194.75,11396.21,9388.36,2007.85,Master 2006-2026,provisional
2024-12-12,15004.23,18567.76,-3563.53,13418.45,10771.8,2646.65,Master 2006-2026,provisional
2024-12-13,16587.67,13651.16,2936.51,9616.97,10349.17,-732.2,Master 2006-2026,provisional
2024-12-16,12259.75,12070.65,189.1,8636.76,8871.01,-234.25,Master 2006-2026,provisional
2024-12-17,17951.19,20337.93,-2386.74,11996.54,9290.06,2706.48,Master 2006-2026,provisional
2024-12-18,14388.45,15310.79,-922.34,14068.09,9984.01,4084.08,Master 2006-2026,provisional
2024-12-19,15536.61,16329.8,-793.19,14699.53,10756.29,3943.24,Master 2006-2026,provisional
2024-12-20,32683.31,34556.26,-1872.95,20119.41,18745.04,1374.37,Master 2006-2026,provisional
2024-12-23,9113.12,8957.72,155.4,11083.76,8856.08,2227.68,Master 2006-2026,provisional
2024-12-24,5816.77,7620.87,-1804.1,10514.3,7695.05,2819.25,Master 2006-2026,provisional
2024-12-26,6527.01,8119.21,-1592.2,11592.43,8256.27,3336.16,Master 2006-2026,provisional
2024-12-27,7656.27,7286.1,370.17,9436.86,6892.22,2544.64,Master 2006-2026,provisional
2024-12-30,16199.92,17798.7,-1598.78,41786.62,39612.76,2173.86,Master 2006-2026,provisional
2024-12-31,5279.9,10630.95,-5351.05,13550.29,9003.56,4546.73,Master 2006-2026,provisional
2025-01-01,2398.74,2996.2,-597.46,8536.97,6846.6,1690.37,Master 2006-2026,provisional
2025-01-02,14050.99,12387.39,1663.6,14176.58,14154.44,22.14,Master 2006-2026,provisional
2025-01-03,12395.04,15269.89,-2874.85,14332.69,13512.09,820.6,Master 2006-2026,provisional
2025-01-06,10263.57,13318.73,-3055.16,16412.95,10663.3,5749.65,Master 2006-2026,provisional
2025-01-07,12254.06,13474.22,-1220.16,12256.43,10641.15,1615.28,Master 2006-2026,provisional
2025-01-08,10009.08,13738.38,-3729.3,14251.5,11535.22,2716.28,Master 2006-2026,provisional
2025-01-09,9085.34,16114.72,-7029.38,16727.63,9088.0,7639.63,Master 2006-2026,provisional
2025-01-10,11362.85,12784.25,-1421.4,14293.73,10331.81,3961.92,Master 2006-2026,provisional
2025-01-13,12074.49,16350.95,-4276.46,20133.51,12067.44,8066.07,Master 2006-2026,provisional
2025-01-14,14710.27,22476.7,-7766.43,17836.5,9935.44,7901.06,Master 2006-2026,provisional
2025-01-15,11486.22,15883.15,-4396.93,14429.64,10747.1,3682.54,Master 2006-2026,provisional
2025-01-16,11550.55,15891.79,-4341.24,14830.61,11901.89,2928.72,Master 2006-2026,provisional
2025-01-17,10379.64,14006.75,-3627.11,12496.54,9923.66,2572.88,Master 2006-2026,provisional
2025-01-20,10401.1,14125.89,-3724.79,15339.21,11017.25,4321.96,Master 2006-2026,provisional
2025-01-21,10393.34,16721.24,-6327.9,14355.52,10855.2,3500.32,Master 2006-2026,provisional
2025-01-22,14399.56,17417.61,-3018.05,15437.18,11796.96,3640.22,Master 2006-2026,provisional
2025-01-23,15799.84,18861.32,-3061.48,14412.73,10700.18,3712.55,Master 2006-2026,provisional
2025-01-24,11537.19,14403.49,-2866.3,12835.41,10433.1,2402.31,Master 2006-2026,provisional
2025-01-27,10440.46,14954.62,-4514.16,16503.43,9861.28,6642.15,Master 2006-2026,provisional
2025-01-28,13194.71,16135.58,-2940.87,19735.28,12920.95,6814.33,Master 2006-2026,provisional
2025-01-29,8229.89,10026.11,-1796.22,12871.38,11078.67,1792.71,Master 2006-2026,provisional
2025-01-30,15113.72,16867.56,-1753.84,13934.35,11768.46,2165.89,Master 2006-2026,provisional
2025-01-31,18092.5,18093.82,-1.32,13549.67,11317.45,2232.22,Master 2006-2026,provisional
2025-02-01,,,0.0,13364.01,12539.63,824.38,Master 2006-2026,provisional
2025-02-03,14405.82,18033.82,-3628.0,19319.48,16611.25,2708.23,Master 2006-2026,provisional
2025-02-04,18989.01,17959.58,1029.43,15002.64,15433.34,-430.7,Master 2006-2026,provisional
2025-02-05,14873.26,16020.79,-1147.53,12860.76,11864.48,996.28,Master 2006-2026,provisional
2025-02-06,13765.31,17359.67,-3594.36,11546.06,8824.4,2721.66,Master 2006-2026,provisional
2025-02-07,12961.51,13434.2,-472.69,12185.62,11731.42,454.2,Master 2006-2026,provisional
2025-02-10,10173.42,12470.54,-2297.12,9802.45,8286.93,1515.52,Master 2006-2026,provisional
2025-02-11,12428.64,16517.9,-4089.26,13787.72,9785.83,4001.89,Master 2006-2026,provisional
2025-02-12,13009.09,17884.9,-4875.81,15357.41,9428.17,5929.24,Master 2006-2026,provisional
2025-02-13,12933.24,15128.84,-2195.6,13148.49,10213.99,2934.5,Master 2006-2026,provisional
2025-02-14,8848.25,13871.69,-5023.44,12826.66,8462.79,4363.87,Master 2006-2026,provisional
2025-02-17,9142.6,11265.36,-2122.76,12504.11,7744.34,4759.77,Master 2006-2026,provisional
2025-02-18,32022.46,23806.18,8216.28,12792.87,9720.68,3072.19,Master 2006-2026,provisional
2025-02-19,,,0.0,11192.98,9235.24,1957.74,Master 2006-2026,provisional
2025-02-20,11215.84,14723.4,-3507.56,13180.35,9272.71,3907.64,Master 2006-2026,provisional
2025-02-21,10970.94,14402.17,-3431.23,12889.44,10004.83,2884.61,Master 2006-2026,provisional
2025-02-24,8609.39,14328.6,-5719.21,12552.14,7366.49,5185.65,Master 2006-2026,provisional
2025-02-25,12714.19,15548.11,-2833.92,11278.09,8247.31,3030.78,Master 2006-2026,provisional
2025-02-27,22069.31,20949.56,1119.75,13530.17,11803.06,1727.11,Master 2006-2026,provisional
2025-02-28,40089.82,52115.87,-12026.05,28065.55,15756.92,12308.63,Master 2006-2026,provisional
2025-03-03,10062.77,14725.3,-4662.53,17344.39,8553.69,8790.7,Master 2006-2026,provisional
2025-03-04,12088.05,15624.1,-3536.05,13542.14,8690.71,4851.43,Master 2006-2026,provisional
2025-03-05,15423.06,17312.54,-1889.48,15068.48,11697.88,3370.6,Master 2006-2026,provisional
2025-03-06,13118.16,15756.94,-2638.78,13276.13,11658.33,1617.8,Master 2006-2026,provisional
2025-03-07,9789.98,13004.74,-3214.76,10452.93,8132.57,2320.36,Master 2006-2026,provisional
2025-03-10,12337.01,12834.93,-497.92,9591.29,9327.78,263.51,Master 2006-2026,provisional
2025-03-11,13979.03,14118.18,-139.15,10895.62,8893.83,2001.79,Master 2006-2026,provisional
2025-03-12,13337.18,14747.47,-1410.29,11803.42,10293.07,1510.35,Master 2006-2026,provisional
2025-03-13,11539.37,12396.63,-857.26,10032.41,8308.59,1723.82,Master 2006-2026,provisional
2025-03-17,11989.26,15696.56,-3707.3,12726.1,6725.5,6000.6,Master 2006-2026,provisional
2025-03-18,15831.17,15120.75,710.42,12333.09,9798.34,2534.75,Master 2006-2026,provisional
2025-03-19,15826.61,16857.97,-1031.36,13300.08,11159.32,2140.76,Master 2006-2026,provisional
2025-03-20,16341.42,13159.85,3181.57,11784.06,14920.08,-3136.02,Master 2006-2026,provisional
2025-03-21,46532.47,41269.25,5263.22,18878.93,22081.19,-3202.26,Master 2006-2026,provisional
2025-03-24,18530.06,12324.56,6205.5,12879.29,12780.75,98.54,Master 2006-2026,provisional
2025-03-25,19056.84,13358.1,5698.74,11692.98,14461.85,-2768.87,Master 2006-2026,provisional
2025-03-26,14453.03,11995.12,2457.91,12416.37,13112.74,-696.37,Master 2006-2026,provisional
2025-03-27,28676.45,20555.49,8120.96,39853.05,37335.35,2517.7,Master 2006-2026,provisional
2025-03-28,26270.48,32606.14,-6335.66,16920.46,9273.97,7646.49,Master 2006-2026,provisional
2025-04-01,10480.2,16381.83,-5901.63,12699.83,8377.25,4322.58,Master 2006-2026,provisional
2025-04-02,12099.11,13637.99,-1538.88,11761.9,8953.07,2808.83,Master 2006-2026,provisional
2025-04-03,9681.91,12487.91,-2806.0,11567.21,11345.74,221.47,Master 2006-2026,provisional
2025-04-04,13946.58,17430.56,-3483.98,14454.32,16174.64,-1720.32,Master 2006-2026,provisional
2025-04-07,13372.27,22412.28,-9040.01,26528.23,14405.78,12122.45,Master 2006-2026,provisional
2025-04-08,13687.62,18681.86,-4994.24,14363.74,11266.5,3097.24,Master 2006-2026,provisional
2025-04-09,11959.16,16317.18,-4358.02,13990.17,11013.51,2976.66,Master 2006-2026,provisional
2025-04-11,18058.9,20577.93,-2519.03,14129.38,10370.11,3759.27,Master 2006-2026,provisional
2025-04-15,25103.46,19037.68,6065.78,11259.51,13211.11,-1951.6,Master 2006-2026,provisional
2025-04-16,15286.9,11350.48,3936.42,11065.94,13578.71,-2512.77,Master 2006-2026,provisional
2025-04-17,18210.41,13542.47,4667.94,13773.79,15779.94,-2006.15,Master 2006-2026,provisional
2025-04-21,11711.72,9741.55,1970.17,15619.61,15373.02,246.59,Master 2006-2026,provisional
2025-04-22,16702.52,15412.09,1290.43,15154.16,16039.79,-885.63,Master 2006-2026,provisional
2025-04-23,17507.28,14174.35,3332.93,15150.83,16385.29,-1234.46,Master 2006-2026,provisional
2025-04-24,24089.48,15838.95,8250.53,13452.15,13986.69,-534.54,Master 2006-2026,provisional
2025-04-25,15524.03,12571.7,2952.33,16170.72,12630.87,3539.85,Master 2006-2026,provisional
2025-04-28,11680.49,9206.39,2474.1,14436.32,11618.68,2817.64,Master 2006-2026,provisional
2025-04-29,15674.49,13288.88,2385.61,13356.43,11987.24,1369.19,Master 2006-2026,provisional
2025-04-30,25189.92,25139.35,50.57,14429.69,12637.54,1792.15,Master 2006-2026,provisional
2025-05-02,18130.19,15360.38,2769.81,13906.16,10615.67,3290.49,Master 2006-2026,provisional
2025-05-05,9365.89,8868.1,497.79,13917.99,11129.33,2788.66,Master 2006-2026,provisional
2025-05-06,13471.35,9676.83,3794.52,10963.04,12360.72,-1397.68,Master 2006-2026,provisional
2025-05-07,16371.71,13785.85,2585.86,13168.99,10790.5,2378.49,Master 2006-2026,provisional
2025-05-08,22365.53,20357.57,2007.96,12682.67,13278.92,-596.25,Master 2006-2026,provisional
2025-05-09,11482.61,15281.32,-3798.71,15547.15,8269.41,7277.74,Master 2006-2026,provisional
2025-05-12,12775.35,11528.87,1246.48,14684.1,13235.73,1448.37,Master 2006-2026,provisional
2025-05-13,17231.19,17708.05,-476.86,16551.85,12278.05,4273.8,Master 2006-2026,provisional
2025-05-14,14861.07,13929.27,931.8,13602.99,13286.68,316.31,Master 2006-2026,provisional
2025-05-15,21412.0,16019.06,5392.94,14749.54,16418.01,-1668.47,Master 2006-2026,provisional
2025-05-16,21379.92,12548.87,8831.05,16971.9,11784.81,5187.09,Master 2006-2026,provisional
2025-05-19,11817.04,12342.99,-525.95,10988.35,11226.28,-237.93,Master 2006-2026,provisional
2025-05-20,14788.67,24804.77,-10016.1,15376.54,8638.15,6738.39,Master 2006-2026,provisional
2025-05-21,13355.91,11154.12,2201.79,10555.99,9872.22,683.77,Master 2006-2026,provisional
2025-05-22,11608.61,16653.97,-5045.36,13348.63,9633.63,3715.0,Master 2006-2026,provisional
2025-05-23,11054.42,9259.83,1794.59,10011.1,9711.32,299.78,Master 2006-2026,provisional
2025-05-26,9081.47,8945.49,135.98,10545.16,8799.44,1745.72,Master 2006-2026,provisional
2025-05-27,18643.68,18295.23,348.45,19497.42,9392.76,10104.66,Master 2006-2026,provisional
2025-05-28,16278.5,11615.58,4662.92,17643.97,9731.98,7911.99,Master 2006-2026,provisional
2025-05-29,21278.74,20394.71,884.03,12845.78,8559.28,4286.5,Master 2006-2026,provisional
2025-05-30,44434.53,50884.27,-6449.74,20673.18,11577.27,9095.91,Master 2006-2026,provisional
2025-06-02,12838.57,15428.04,-2589.47,14470.06,9156.3,5313.76,Master 2006-2026,provisional
2025-06-03,17063.43,19917.26,-2853.83,15703.72,9795.75,5907.97,Master 2006-2026,provisional
2025-06-04,16575.56,15499.38,1076.18,13045.17,10478.35,2566.82,Master 2006-2026,provisional
2025-06-05,17878.55,18087.02,-208.47,13190.92,10808.52,2382.4,Master 2006-2026,provisional
2025-06-06,15208.43,14198.72,1009.71,22522.51,13180.03,9342.48,Master 2006-2026,provisional
2025-06-09,12778.34,10785.47,1992.87,15306.03,11802.24,3503.79,Master 2006-2026,provisional
2025-06-10,16548.24,14246.37,2301.87,13787.98,12674.64,1113.34,Master 2006-2026,provisional
2025-06-11,14530.87,14977.18,-446.31,14764.75,13179.88,1584.87,Master 2006-2026,provisional
2025-06-12,11656.73,15488.15,-3831.42,21386.26,11992.41,9393.85,Master 2006-2026,provisional
2025-06-13,14162.89,15426.41,-1263.52,13487.57,10446.13,3041.44,Master 2006-2026,provisional
2025-06-16,10029.64,12569.06,-2539.42,14147.65,8366.69,5780.96,Master 2006-2026,provisional
2025-06-17,13581.1,12098.33,1482.77,19427.32,11220.13,8207.19,Master 2006-2026,provisional
2025-06-18,12118.14,11227.21,890.93,11433.84,10342.5,1091.34,Master 2006-2026,provisional
2025-06-19,12011.23,11076.61,934.62,11132.9,10526.93,605.97,Master 2006-2026,provisional
2025-06-20,52411.51,44470.81,7940.7,24208.65,27258.53,-3049.88,Master 2006-2026,provisional
2025-06-23,8570.02,10444.4,-1874.38,13499.27,7907.5,5591.77,Master 2006-2026,provisional
2025-06-24,13628.08,18894.09,-5266.01,14931.45,9721.85,5209.6,Master 2006-2026,provisional
2025-06-25,13260.43,15688.17,-2427.74,12810.07,10437.11,2372.96,Master 2006-2026,provisional
2025-06-26,32020.06,19425.68,12594.38,14029.71,14224.94,-195.23,Master 2006-2026,provisional
2025-06-27,19740.81,18343.79,1397.02,41201.99,41790.92,-588.93,Master 2006-2026,provisional
2025-06-30,12967.6,13799.1,-831.5,15914.52,12417.08,3497.44,Master 2006-2026,provisional
2025-07-01,11556.94,13527.08,-1970.14,12921.96,12150.88,771.08,Master 2006-2026,provisional
2025-07-02,13954.4,15516.02,-1561.62,16695.01,13658.33,3036.68,Master 2006-2026,provisional
2025-07-03,11672.96,13154.15,-1481.19,12690.4,11357.34,1333.06,Master 2006-2026,provisional
2025-07-04,7517.79,8277.9,-760.11,10305.48,11334.32,-1028.84,Master 2006-2026,provisional
2025-07-07,8962.48,8641.32,321.16,11129.04,9275.65,1853.39,Master 2006-2026,provisional
2025-07-08,12167.19,12193.31,-26.12,13275.91,11909.09,1366.82,Master 2006-2026,provisional
2025-07-09,12930.71,12853.71,77.0,13350.22,12429.39,920.83,Master 2006-2026,provisional
2025-07-10,11829.26,11608.2,221.06,12468.8,11877.47,591.33,Master 2006-2026,provisional
2025-07-11,11998.56,17102.78,-5104.22,15728.51,12169.88,3558.63,Master 2006-2026,provisional
2025-07-14,17054.46,18668.78,-1614.32,14561.52,12773.84,1787.68,Master 2006-2026,provisional
2025-07-15,11553.04,11432.57,120.47,13710.83,12155.8,1555.03,Master 2006-2026,provisional
2025-07-16,11002.49,12860.64,-1858.15,12786.44,11562.89,1223.55,Master 2006-2026,provisional
2025-07-17,11633.02,15327.33,-3694.31,13523.36,10702.59,2820.77,Master 2006-2026,provisional
2025-07-18,15430.85,15056.11,374.74,14451.18,12347.67,2103.51,Master 2006-2026,provisional
2025-07-21,10823.67,12504.9,-1681.23,13793.86,10215.43,3578.43,Master 2006-2026,provisional
2025-07-22,12804.14,16353.06,-3548.92,16673.37,11433.6,5239.77,Master 2006-2026,provisional
2025-07-23,14475.5,18684.61,-4209.11,15146.43,10787.91,4358.52,Master 2006-2026,provisional
2025-07-24,13725.46,15859.15,-2133.69,13507.17,10890.03,2617.14,Master 2006-2026,provisional
2025-07-25,12831.79,14811.75,-1979.96,12786.65,10648.06,2138.59,Master 2006-2026,provisional
2025-07-28,9993.78,16076.25,-6082.47,15799.53,9034.98,6764.55,Master 2006-2026,provisional
2025-07-29,11512.19,16148.79,-4636.6,16166.18,10019.36,6146.82,Master 2006-2026,provisional
2025-07-30,11888.17,12738.21,-850.04,12890.19,11061.08,1829.11,Master 2006-2026,provisional
2025-07-31,16819.69,22408.6,-5588.91,17465.71,11093.0,6372.71,Master 2006-2026,provisional
2025-08-01,9379.46,12745.86,-3366.4,14990.14,11803.28,3186.86,Master 2006-2026,provisional
2025-08-04,9014.97,11581.48,-2566.51,14068.4,9682.11,4386.29,Master 2006-2026,provisional
2025-08-05,15251.29,15273.77,-22.48,14250.99,10410.6,3840.39,Master 2006-2026,provisional
2025-08-06,11242.19,16241.29,-4999.1,16760.64,9966.36,6794.28,Master 2006-2026,provisional
2025-08-07,10567.78,15564.97,-4997.19,19629.64,8765.6,10864.04,Master 2006-2026,provisional
2025-08-08,17682.11,15749.3,1932.81,16682.09,8958.43,7723.66,Master 2006-2026,provisional
2025-08-11,9477.3,10679.95,-1202.65,15109.07,9136.71,5972.36,Master 2006-2026,provisional
2025-08-12,9532.22,12931.02,-3398.8,11888.48,8380.55,3507.93,Master 2006-2026,provisional
2025-08-13,11350.06,14994.49,-3644.43,13982.46,8358.67,5623.79,Master 2006-2026,provisional
2025-08-14,13646.01,15572.77,-1926.76,13144.45,9248.77,3895.68,Master 2006-2026,provisional
2025-08-18,20070.25,19519.4,550.85,18649.74,14545.93,4103.81,Master 2006-2026,provisional
2025-08-19,12604.01,13238.27,-634.26,11880.89,9619.83,2261.06,Master 2006-2026,provisional
2025-08-20,11599.55,12699.64,-1100.09,14464.24,12657.9,1806.34,Master 2006-2026,provisional
2025-08-21,14960.14,13713.63,1246.51,14514.86,11968.59,2546.27,Master 2006-2026,provisional
2025-08-22,10179.18,11801.7,-1622.52,10106.92,10436.17,-329.25,Master 2006-2026,provisional
2025-08-25,9951.36,12417.6,-2466.24,13371.09,10194.4,3176.69,Master 2006-2026,provisional
2025-08-26,44146.8,50663.29,-6516.49,22000.77,14940.4,7060.37,Master 2006-2026,provisional
2025-08-28,17742.69,21599.2,-3856.51,17391.44,10471.1,6920.34,Master 2006-2026,provisional
2025-08-29,9679.99,17992.65,-8312.66,20676.78,9189.14,11487.64,Master 2006-2026,provisional
2025-09-01,9540.36,10970.07,-1429.71,13314.23,8969.3,4344.93,Master 2006-2026,provisional
2025-09-02,8939.36,10098.84,-1159.48,12904.06,10354.55,2549.51,Master 2006-2026,provisional
2025-09-03,10784.27,12450.73,-1666.46,14834.78,12339.45,2495.33,Master 2006-2026,provisional
2025-09-04,12262.84,12369.18,-106.34,16588.04,14354.95,2233.09,Master 2006-2026,provisional
2025-09-05,8096.45,9401.36,-1304.91,10633.48,8812.25,1821.23,Master 2006-2026,provisional
2025-09-08,8228.52,10398.87,-2170.35,11080.7,8066.4,3014.3,Master 2006-2026,provisional
2025-09-09,11896.67,9846.21,2050.46,10422.84,10339.76,83.08,Master 2006-2026,provisional
2025-09-10,12603.53,12719.22,-115.69,16276.75,11272.46,5004.29,Master 2006-2026,provisional
2025-09-11,10008.75,13481.12,-3472.37,14831.21,10785.67,4045.54,Master 2006-2026,provisional
2025-09-12,11094.18,10964.6,129.58,11675.26,10119.24,1556.02,Master 2006-2026,provisional
2025-09-15,8169.16,9437.75,-1268.59,10173.17,8239.84,1933.33,Master 2006-2026,provisional
2025-09-16,11942.44,11634.12,308.32,11643.46,10124.73,1518.73,Master 2006-2026,provisional
2025-09-18,11838.11,11471.42,366.69,14451.22,11124.66,3326.56,Master 2006-2026,provisional
2025-09-19,37090.98,36700.24,390.74,14840.35,12735.13,2105.22,Master 2006-2026,provisional
2025-09-22,9544.69,12454.78,-2910.09,12715.96,10133.33,2582.63,Master 2006-2026,provisional
2025-09-23,12222.3,15773.49,-3551.19,13525.73,10854.86,2670.87,Master 2006-2026,provisional
2025-09-24,11089.16,13514.91,-2425.75,12632.38,11420.7,1211.68,Master 2006-2026,provisional
2025-09-25,15079.55,20074.97,-4995.42,15515.7,10412.69,5103.01,Master 2006-2026,provisional
2025-09-26,10751.34,16438.92,-5687.58,17766.67,11923.46,5843.21,Master 2006-2026,provisional
2025-09-29,17421.42,20253.01,-2831.59,40256.98,36411.11,3845.87,Master 2006-2026,provisional
2025-09-30,18729.97,21057.06,-2327.09,16948.64,11187.01,5761.63,Master 2006-2026,provisional
2025-10-01,12378.32,13983.52,-1605.2,15383.78,12467.64,2916.14,Master 2006-2026,provisional
2025-10-03,16898.78,18482.15,-1583.37,14005.39,13515.63,489.76,Master 2006-2026,provisional
2025-10-06,10950.18,11263.95,-313.77,16124.47,11088.08,5036.39,Master 2006-2026,provisional
2025-10-07,11542.97,10102.31,1440.66,15953.11,15500.54,452.57,Master 2006-2026,provisional
2025-10-08,10286.98,10205.7,81.28,11733.48,11403.52,329.96,Master 2006-2026,provisional
2025-10-09,10907.48,9599.32,1308.16,12577.04,11712.68,864.36,Master 2006-2026,provisional
2025-10-10,10236.07,9776.87,459.2,12760.06,11052.23,1707.83,Master 2006-2026,provisional
2025-10-13,8085.41,8325.51,-240.1,14960.78,12627.36,2333.42,Master 2006-2026,provisional
2025-10-14,10847.86,12356.39,-1508.53,16384.5,12723.37,3661.13,Master 2006-2026,provisional
2025-10-15,14013.54,13944.9,68.64,16214.69,11564.61,4650.08,Master 2006-2026,provisional
2025-10-16,14739.14,13741.85,997.29,19840.85,15764.65,4076.2,Master 2006-2026,provisional
2025-10-17,14505.27,14196.29,308.98,16860.39,15333.78,1526.61,Master 2006-2026,provisional
2025-10-20,11786.33,10995.88,790.45,15690.37,13204.91,2485.46,Master 2006-2026,provisional
2025-10-21,622.39,525.67,96.72,324.13,931.14,-607.01,Master 2006-2026,provisional
2025-10-23,20477.78,21643.72,-1165.94,19247.94,15354.21,3893.73,Master 2006-2026,provisional
2025-10-24,11768.28,11146.77,621.51,12475.77,12302.64,173.13,Master 2006-2026,provisional
2025-10-27,11823.35,11878.93,-55.58,14602.2,12110.08,2492.12,Master 2006-2026,provisional
2025-10-28,28174.82,17835.02,10339.8,16103.72,15022.17,1081.55,Master 2006-2026,provisional
2025-10-29,10190.59,12730.75,-2540.16,19535.44,13842.63,5692.81,Master 2006-2026,provisional
2025-10-30,9350.07,12427.66,-3077.59,14826.52,12357.18,2469.34,Master 2006-2026,provisional
2025-10-31,11531.75,18301.09,-6769.34,18633.9,11565.46,7068.44,Master 2006-2026,provisional
2025-11-03,9628.24,11512.02,-1883.78,15519.96,12003.6,3516.36,Master 2006-2026,provisional
2025-11-04,13187.05,14254.06,-1067.01,15835.4,14632.5,1202.9,Master 2006-2026,provisional
2025-11-06,16791.16,20054.37,-3263.21,19418.5,14134.59,5283.91,Master 2006-2026,provisional
2025-11-07,18485.25,13903.91,4581.34,19470.01,12795.24,6674.77,Master 2006-2026,provisional
2025-11-10,9803.52,13918.37,-4114.85,18933.97,13128.71,5805.26,Master 2006-2026,provisional
2025-11-11,14487.4,15290.62,-803.22,14832.97,12644.5,2188.47,Master 2006-2026,provisional
2025-11-12,15594.07,17344.1,-1750.03,18311.8,13184.68,5127.12,Master 2006-2026,provisional
2025-11-13,14902.63,15286.31,-383.68,16036.19,12944.32,3091.87,Master 2006-2026,provisional
2025-11-14,12383.76,17351.98,-4968.22,24572.09,16110.62,8461.47,Master 2006-2026,provisional
2025-11-17,13339.02,12896.85,442.17,12975.94,11510.08,1465.86,Master 2006-2026,provisional
2025-11-18,17071.04,17799.86,-728.82,18246.17,12089.34,6156.83,Master 2006-2026,provisional
2025-11-19,14774.92,13194.2,1580.72,13904.32,12544.05,1360.27,Master 2006-2026,provisional
2025-11-20,14769.74,14486.09,283.65,13051.84,12227.38,824.46,Master 2006-2026,provisional
2025-11-21,14585.86,16351.91,-1766.05,14908.67,11747.06,3161.61,Master 2006-2026,provisional
2025-11-24,54504.95,58676.7,-4171.75,20445.48,15932.61,4512.87,Master 2006-2026,provisional
2025-11-25,16596.24,15810.92,785.32,15153.03,11240.56,3912.47,Master 2006-2026,provisional
2025-11-26,16232.14,11454.11,4778.03,16334.09,10086.16,6247.93,Master 2006-2026,provisional
2025-11-27,10262.02,11517.22,-1255.2,15558.92,11618.05,3940.87,Master 2006-2026,provisional
2025-11-28,10174.58,13970.3,-3795.72,14627.36,10478.88,4148.48,Master 2006-2026,provisional
2025-12-01,8979.4,10150.71,-1171.31,13024.65,10465.72,2558.93,Master 2006-2026,provisional
2025-12-02,15234.08,18876.38,-3642.3,15194.77,10548.83,4645.94,Master 2006-2026,provisional
2025-12-05,11456.36,11895.26,-438.9,16057.87,11868.7,4189.17,Master 2006-2026,provisional
2025-12-08,12500.23,13155.82,-655.59,16883.41,14340.92,2542.49,Master 2006-2026,provisional
2025-12-09,13604.94,17365.02,-3760.08,17438.88,11213.99,6224.89,Master 2006-2026,provisional
2026-01-28,21044.5,20564.24,480.26,19578.39,16217.8,3360.59,Master 2006-2026,provisional
2026-01-29,20212.73,20606.7,-393.97,24423.89,21785.13,2638.76,Master 2006-2026,provisional
2026-01-30,30492.98,28241.61,2251.37,18590.13,19191.16,-601.03,Master 2006-2026,provisional
2026-02-01,598.29,1186.63,-588.34,14390.79,15073.52,-682.73,Master 2006-2026,provisional
2026-02-02,15172.55,17005.01,-1832.46,18626.43,16180.1,2446.33,Master 2006-2026,provisional
2026-02-03,27677.68,22441.4,5236.28,28206.21,27191.97,1014.24,Master 2006-2026,provisional
2026-02-04,18453.01,18423.22,29.79,18631.78,18382.24,249.54,Master 2006-2026,provisional
2026-02-05,14630.07,16780.58,-2150.51,15182.18,14052.36,1129.82,Master 2006-2026,provisional
2026-02-06,16718.66,14767.89,1950.77,13215.74,14480.8,-1265.06,Master 2006-2026,provisional
2026-02-10,16699.82,16630.37,69.45,15262.9,14088.69,1174.21,Master 2006-2026,provisional
2026-02-11,16858.63,15914.82,943.81,14281.26,14406.62,-125.36,Master 2006-2026,provisional
2026-02-12,17949.52,17841.1,108.42,17213.85,16937.0,276.85,Master 2006-2026,provisional
2026-02-13,14586.73,21982.14,-7395.41,20605.87,15051.91,5553.96,Master 2006-2026,provisional
2026-02-16,9169.39,10141.52,-972.13,13121.31,11454.33,1666.98,Master 2006-2026,provisional
2026-02-17,8867.62,7872.41,995.21,12482.64,12295.6,187.04,Master 2006-2026,provisional
2026-02-18,9720.92,8566.58,1154.34,12143.76,11703.42,440.34,Master 2006-2026,provisional
2026-02-19,8614.9,9495.39,-880.49,11483.86,12080.14,-596.28,Master 2006-2026,provisional
2026-02-20,10010.06,10944.67,-934.61,14901.9,12264.75,2637.15,Master 2006-2026,provisional
2026-02-23,15294.02,11810.32,3483.7,12360.86,13653.1,-1292.24,Master 2006-2026,provisional
2026-02-24,20550.91,20653.44,-102.53,18580.96,15419.74,3161.22,Master 2006-2026,provisional
2026-02-25,30369.48,27377.84,2991.64,18346.49,13227.92,5118.57,Master 2006-2026,provisional
2026-02-26,14607.9,18073.89,-3465.99,19242.72,14211.15,5031.57,Master 2006-2026,provisional
2026-02-27,36699.66,44236.02,-7536.36,24867.72,12574.91,12292.81,Master 2006-2026,provisional
2026-03-02,12737.34,16032.98,-3295.64,21110.66,12516.79,8593.87,Master 2006-2026,provisional
2026-03-04,19120.99,27873.64,-8752.65,26259.37,14191.2,12068.17,Master 2006-2026,provisional
2026-03-05,14914.99,18667.51,-3752.52,18821.1,13667.73,5153.37,Master 2006-2026,provisional
2026-03-06,14434.69,20465.07,-6030.38,19662.38,12690.87,6971.51,Master 2006-2026,provisional
2026-03-09,11156.99,17502.56,-6345.57,21586.46,12572.66,9013.8,Master 2006-2026,provisional
2026-03-10,13188.32,17860.96,-4672.64,17202.49,10869.23,6333.26,Master 2006-2026,provisional
2026-03-11,11448.68,17715.99,-6267.31,16044.16,11078.63,4965.53,Master 2006-2026,provisional
2026-03-12,15373.05,22422.92,-7049.87,19439.56,11989.79,7449.77,Master 2006-2026,provisional
2026-03-13,11923.16,22639.8,-10716.64,22707.84,12730.42,9977.42,Master 2006-2026,provisional
2026-03-16,11566.51,20932.03,-9365.52,25150.41,12557.05,12593.36,Master 2006-2026,provisional
2026-03-17,11903.71,16644.93,-4741.22,16762.65,11537.33,5225.32,Master 2006-2026,provisional
2026-03-18,12798.8,15513.15,-2714.35,16105.2,12852.17,3253.03,Master 2006-2026,provisional
2026-03-19,10012.07,17570.26,-7558.19,16926.98,13063.02,3863.96,Master 2006-2026,provisional
2026-03-20,28496.17,34014.56,-5518.39,22938.31,17232.08,5706.23,Master 2006-2026,provisional
2026-03-23,10330.98,20745.21,-10414.23,25952.98,13919.01,12033.97,Master 2006-2026,provisional
2026-03-24,12406.9,20416.46,-8009.56,21126.99,15259.84,5867.15,Master 2006-2026,provisional
2026-03-25,14547.7,16353.07,-1805.37,22921.89,17492.11,5429.78,Master 2006-2026,provisional
2026-03-27,20486.39,24853.69,-4367.3,37579.14,34012.99,3566.15,Master 2006-2026,provisional
2026-03-30,21952.95,33116.01,-11163.06,26358.5,11463.78,14894.72,Master 2006-2026,provisional
2026-04-07,7953.46,16645.57,-8692.11,20860.09,12880.59,7979.5,Master 2006-2026,provisional
2026-04-08,19092.05,21904.02,-2811.97,29003.39,24835.22,4168.17,Master 2006-2026,provisional
2026-04-09,15746.32,17457.51,-1711.19,15968.21,15012.31,955.9,Master 2006-2026,provisional
2026-04-10,18303.96,17631.87,672.09,15982.46,15572.41,410.05,Master 2006-2026,provisional
2026-04-13,15382.09,17365.27,-1983.18,16612.03,14179.73,2432.3,Master 2006-2026,provisional
2026-04-15,18075.63,17409.48,666.15,18499.57,19068.55,-568.98,Master 2006-2026,provisional
2026-04-16,16209.44,15827.08,382.36,16538.08,19965.83,-3427.75,Master 2006-2026,provisional
2026-04-17,16034.88,15351.68,683.2,17513.99,22235.47,-4721.48,Master 2006-2026,provisional
2026-04-20,12756.88,13816.81,-1059.93,18753.06,15786.17,2966.89,Master 2006-2026,provisional
2026-04-21,13033.17,14952.16,-1918.99,18366.67,16145.4,2221.27,Master 2006-2026,provisional
2026-04-22,13895.07,15973.43,-2078.36,18704.25,19752.42,-1048.17,Master 2006-2026,provisional
2026-04-23,12829.12,16083.83,-3254.71,18498.19,17556.84,941.35,Master 2006-2026,provisional
2026-04-24,9837.2,18665.07,-8827.87,21560.16,16859.45,4700.71,Master 2006-2026,provisional
2026-04-27,30263.32,31414.8,-1151.48,19978.34,15854.42,4123.92,Master 2006-2026,provisional
2026-04-28,17231.5,19335.24,-2103.74,18044.05,16332.04,1712.01,Master 2006-2026,provisional
2026-04-29,14271.22,16739.64,-2468.42,17232.28,14970.11,2262.17,Master 2006-2026,provisional
2026-04-30,15049.55,23097.41,-8047.86,18252.89,14765.79,3487.1,Master 2006-2026,provisional
2026-05-04,19660.47,16824.85,2835.62,19516.11,14751.95,4764.16,Master 2006-2026,provisional
2026-05-05,10392.91,14014.49,-3621.58,16234.31,13631.69,2602.62,Master 2006-2026,provisional
2026-05-06,14459.21,20294.11,-5834.9,22888.16,16051.29,6836.87,Master 2006-2026,provisional
2026-05-07,17997.95,18338.84,-340.89,17032.05,16590.98,441.07,Master 2006-2026,provisional
2026-05-08,15083.49,19194.09,-4110.6,21296.87,14548.74,6748.13,Master 2006-2026,provisional
2026-05-11,12813.74,21251.3,-8437.56,21626.43,15686.78,5939.65,Master 2006-2026,provisional
2026-05-12,16555.27,18514.66,-1959.39,20684.82,12694.5,7990.32,Master 2006-2026,provisional
2026-05-13,14373.99,19077.14,-4703.15,18872.65,13003.6,5869.05,Master 2006-2026,provisional
2026-05-14,17350.56,17163.1,187.46,18255.96,17571.63,684.33,Master 2006-2026,provisional
2026-05-15,16299.6,14970.43,1329.17,14961.88,16920.7,-1958.82,Master 2006-2026,provisional
2026-05-18,17222.18,14408.49,2813.69,16844.94,14162.82,2682.12,Master 2006-2026,provisional
2026-05-19,17907.55,20365.04,-2457.49,16951.95,13150.27,3801.68,Master 2006-2026,provisional
2026-05-20,14139.56,15736.91,-1597.35,16000.79,14032.44,1968.35,Master 2006-2026,provisional
2026-05-21,12322.16,14213.37,-1891.21,15857.03,13364.61,2492.42,Master 2006-2026,provisional
2026-05-22,10972.76,15413.23,-4440.47,18436.72,12433.19,6003.53,Master 2006-2026,provisional
2026-05-25,12083.12,11261.37,821.75,16434.96,12578.08,3856.88,Master 2006-2026,provisional
2026-05-26,13127.02,15534.89,-2407.87,15536.74,14175.31,1361.43,Master 2006-2026,provisional
2026-05-27,11418.65,12461.35,-1042.7,16893.1,13072.1,3821.0,Master 2006-2026,provisional
2026-05-29,89733.64,110839.5,-21105.86,36999.7,20235.56,16764.14,Master 2006-2026,provisional
2026-06-01,17725.89,21637.57,-3911.68,15226.29,10117.16,5109.13,Master 2006-2026,provisional
2026-06-02,16955.9,25318.82,-8362.92,22508.77,12919.45,9589.32,Master 2006-2026,provisional
2026-06-03,17053.63,22670.19,-5616.56,17530.0,11789.11,5740.89,Master 2006-2026,provisional
2026-06-04,14012.52,18459.58,-4447.06,16824.35,12464.21,4360.14,Master 2006-2026,provisional
2026-06-05,11044.57,19820.82,-8776.25,22779.32,13645.75,9133.57,Master 2006-2026,provisional
2026-06-08,8842.08,14397.75,-5555.67,16683.18,11517.94,5165.24,Master 2006-2026,provisional
2026-06-09,14735.47,19301.5,-4566.03,17664.98,11505.5,6159.48,Master 2006-2026,provisional
2026-06-10,14047.79,16172.77,-2124.98,17396.4,14272.45,3123.95,NSE,provisional
